Die Verurteilten	1994	9.2	Frank Darabont 	https://m.media-amazon.com/images/M/MV5BNDE3ODcxYzMtY2YzZC00NmNlLWJiNDMtZDViZWM2MzIxZDYwXkEyXkFqcGdeQXVyNjAwNDUxODI@._V1_UX45_CR0,0,45,67_AL_.jpg	https://www.imdb.com/title/tt0111161/
Der Pate	1972	9.2	Francis Ford Coppola 	https://m.media-amazon.com/images/M/MV5BM2MyNjYxNmUtYTAwNi00MTYxLWJmNWYtYzZlODY3ZTk3OTFlXkEyXkFqcGdeQXVyNzkwMjQ5NzM@._V1_UY67_CR1,0,45,67_AL_.jpg	https://www.imdb.com/title/tt0068646/
The Dark Knight	2008	9.0	Christopher Nolan 	https://m.media-amazon.com/images/M/MV5BMTMxNTMwODM0NF5BMl5BanBnXkFtZTcwODAyMTk2Mw@@._V1_UY67_CR0,0,45,67_AL_.jpg	https://www.imdb.com/title/tt0468569/
Der Pate 2	1974	9.0	Francis Ford Coppola 	https://m.media-amazon.com/images/M/MV5BMWMwMGQzZTItY2JlNC00OWZiLWIyMDctNDk2ZDQ2YjRjMWQ0XkEyXkFqcGdeQXVyNzkwMjQ5NzM@._V1_UY67_CR1,0,45,67_AL_.jpg	https://www.imdb.com/title/tt0071562/
Die zwölf Geschworenen	1957	9.0	Sidney Lumet 	https://m.media-amazon.com/images/M/MV5BMWU4N2FjNzYtNTVkNC00NzQ0LTg0MjAtYTJlMjFhNGUxZDFmXkEyXkFqcGdeQXVyNjc1NTYyMjg@._V1_UX45_CR0,0,45,67_AL_.jpg	https://www.imdb.com/title/tt0050083/
Schindlers Liste	1993	8.9	Steven Spielberg 	https://m.media-amazon.com/images/M/MV5BNDE4OTMxMTctNmRhYy00NWE2LTg3YzItYTk3M2UwOTU5Njg4XkEyXkFqcGdeQXVyNjU0OTQ0OTY@._V1_UX45_CR0,0,45,67_AL_.jpg	https://www.imdb.com/title/tt0108052/
Der Herr der Ringe: Die Rückkehr des Königs	2003	8.9	Peter Jackson 	https://m.media-amazon.com/images/M/MV5BNzA5ZDNlZWMtM2NhNS00NDJjLTk4NDItYTRmY2EwMWZlMTY3XkEyXkFqcGdeQXVyNzkwMjQ5NzM@._V1_UY67_CR0,0,45,67_AL_.jpg	https://www.imdb.com/title/tt0167260/
Pulp Fiction	1994	8.8	Quentin Tarantino 	https://m.media-amazon.com/images/M/MV5BNGNhMDIzZTUtNTBlZi00MTRlLWFjM2ItYzViMjE3YzI5MjljXkEyXkFqcGdeQXVyNzkwMjQ5NzM@._V1_UY67_CR0,0,45,67_AL_.jpg	https://www.imdb.com/title/tt0110912/
Der Herr der Ringe: Die Gefährten	2001	8.8	Peter Jackson 	https://m.media-amazon.com/images/M/MV5BN2EyZjM3NzUtNWUzMi00MTgxLWI0NTctMzY4M2VlOTdjZWRiXkEyXkFqcGdeQXVyNDUzOTQ5MjY@._V1_UY67_CR0,0,45,67_AL_.jpg	https://www.imdb.com/title/tt0120737/
Zwei glorreiche Halunken	1966	8.8	Sergio Leone 	https://m.media-amazon.com/images/M/MV5BNjJlYmNkZGItM2NhYy00MjlmLTk5NmQtNjg1NmM2ODU4OTMwXkEyXkFqcGdeQXVyMjUzOTY1NTc@._V1_UX45_CR0,0,45,67_AL_.jpg	https://www.imdb.com/title/tt0060196/
Forrest Gump	1994	8.8	Robert Zemeckis 	https://m.media-amazon.com/images/M/MV5BNWIwODRlZTUtY2U3ZS00Yzg1LWJhNzYtMmZiYmEyNmU1NjMzXkEyXkFqcGdeQXVyMTQxNzMzNDI@._V1_UY67_CR0,0,45,67_AL_.jpg	https://www.imdb.com/title/tt0109830/
Fight Club	1999	8.7	David Fincher 	https://m.media-amazon.com/images/M/MV5BNDIzNDU0YzEtYzE5Ni00ZjlkLTk5ZjgtNjM3NWE4YzA3Nzk3XkEyXkFqcGdeQXVyMjUzOTY1NTc@._V1_UY67_CR0,0,45,67_AL_.jpg	https://www.imdb.com/title/tt0137523/
Der Herr der Ringe: Die zwei Türme	2002	8.7	Peter Jackson 	https://m.media-amazon.com/images/M/MV5BZGMxZTdjZmYtMmE2Ni00ZTdkLWI5NTgtNjlmMjBiNzU2MmI5XkEyXkFqcGdeQXVyNjU0OTQ0OTY@._V1_UX45_CR0,0,45,67_AL_.jpg	https://www.imdb.com/title/tt0167261/
Inception	2010	8.7	Christopher Nolan 	https://m.media-amazon.com/images/M/MV5BMjAxMzY3NjcxNF5BMl5BanBnXkFtZTcwNTI5OTM0Mw@@._V1_UY67_CR0,0,45,67_AL_.jpg	https://www.imdb.com/title/tt1375666/
Das Imperium schlägt zurück	1980	8.7	Irvin Kershner 	https://m.media-amazon.com/images/M/MV5BYmU1NDRjNDgtMzhiMi00NjZmLTg5NGItZDNiZjU5NTU4OTE0XkEyXkFqcGdeQXVyNzkwMjQ5NzM@._V1_UX45_CR0,0,45,67_AL_.jpg	https://www.imdb.com/title/tt0080684/
Matrix	1999	8.7	Lana Wachowski 	https://m.media-amazon.com/images/M/MV5BNzQzOTk3OTAtNDQ0Zi00ZTVkLWI0MTEtMDllZjNkYzNjNTc4L2ltYWdlXkEyXkFqcGdeQXVyNjU0OTQ0OTY@._V1_UX45_CR0,0,45,67_AL_.jpg	https://www.imdb.com/title/tt0133093/
GoodFellas - Drei Jahrzehnte in der Mafia	1990	8.7	Martin Scorsese 	https://m.media-amazon.com/images/M/MV5BY2NkZjEzMDgtN2RjYy00YzM1LWI4ZmQtMjIwYjFjNmI3ZGEwXkEyXkFqcGdeQXVyNzkwMjQ5NzM@._V1_UX45_CR0,0,45,67_AL_.jpg	https://www.imdb.com/title/tt0099685/
Einer flog über das Kuckucksnest	1975	8.6	Milos Forman 	https://m.media-amazon.com/images/M/MV5BZjA0OWVhOTAtYWQxNi00YzNhLWI4ZjYtNjFjZTEyYjJlNDVlL2ltYWdlL2ltYWdlXkEyXkFqcGdeQXVyMTQxNzMzNDI@._V1_UY67_CR0,0,45,67_AL_.jpg	https://www.imdb.com/title/tt0073486/
Sieben	1995	8.6	David Fincher 	https://m.media-amazon.com/images/M/MV5BOTUwODM5MTctZjczMi00OTk4LTg3NWUtNmVhMTAzNTNjYjcyXkEyXkFqcGdeQXVyNjU0OTQ0OTY@._V1_UX45_CR0,0,45,67_AL_.jpg	https://www.imdb.com/title/tt0114369/
Ist das Leben nicht schön?	1946	8.6	Frank Capra 	https://m.media-amazon.com/images/M/MV5BZjc4NDZhZWMtNGEzYS00ZWU2LThlM2ItNTA0YzQ0OTExMTE2XkEyXkFqcGdeQXVyNjUwMzI2NzU@._V1_UY67_CR0,0,45,67_AL_.jpg	https://www.imdb.com/title/tt0038650/
Die sieben Samurai	1954	8.6	Akira Kurosawa 	https://m.media-amazon.com/images/M/MV5BNWQ3OTM4ZGItMWEwZi00MjI5LWI3YzgtNTYwNWRkNmIzMGI5XkEyXkFqcGdeQXVyNDY2MTk1ODk@._V1_UY67_CR1,0,45,67_AL_.jpg	https://www.imdb.com/title/tt0047478/
Das Schweigen der Lämmer	1991	8.6	Jonathan Demme 	https://m.media-amazon.com/images/M/MV5BNjNhZTk0ZmEtNjJhMi00YzFlLWE1MmEtYzM1M2ZmMGMwMTU4XkEyXkFqcGdeQXVyNjU0OTQ0OTY@._V1_UY67_CR0,0,45,67_AL_.jpg	https://www.imdb.com/title/tt0102926/
Der Soldat James Ryan	1998	8.6	Steven Spielberg 	https://m.media-amazon.com/images/M/MV5BZjhkMDM4MWItZTVjOC00ZDRhLThmYTAtM2I5NzBmNmNlMzI1XkEyXkFqcGdeQXVyNDYyMDk5MTU@._V1_UY67_CR0,0,45,67_AL_.jpg	https://www.imdb.com/title/tt0120815/
City of God	2002	8.6	Fernando Meirelles 	https://m.media-amazon.com/images/M/MV5BOTMwYjc5ZmItYTFjZC00ZGQ3LTlkNTMtMjZiNTZlMWQzNzI5XkEyXkFqcGdeQXVyNzkwMjQ5NzM@._V1_UX45_CR0,0,45,67_AL_.jpg	https://www.imdb.com/title/tt0317248/
Interstellar	2014	8.6	Christopher Nolan 	https://m.media-amazon.com/images/M/MV5BZjdkOTU3MDktN2IxOS00OGEyLWFmMjktY2FiMmZkNWIyODZiXkEyXkFqcGdeQXVyMTMxODk2OTU@._V1_UY67_CR0,0,45,67_AL_.jpg	https://www.imdb.com/title/tt0816692/
Das Leben ist schön	1997	8.6	Roberto Benigni 	https://m.media-amazon.com/images/M/MV5BYmJmM2Q4NmMtYThmNC00ZjRlLWEyZmItZTIwOTBlZDQ3NTQ1XkEyXkFqcGdeQXVyMTQxNzMzNDI@._V1_UX45_CR0,0,45,67_AL_.jpg	https://www.imdb.com/title/tt0118799/
The Green Mile	1999	8.6	Frank Darabont 	https://m.media-amazon.com/images/M/MV5BMTUxMzQyNjA5MF5BMl5BanBnXkFtZTYwOTU2NTY3._V1_UY67_CR0,0,45,67_AL_.jpg	https://www.imdb.com/title/tt0120689/
Krieg der Sterne	1977	8.5	George Lucas 	https://m.media-amazon.com/images/M/MV5BOTA5NjhiOTAtZWM0ZC00MWNhLThiMzEtZDFkOTk2OTU1ZDJkXkEyXkFqcGdeQXVyMTA4NDI1NTQx._V1_UX45_CR0,0,45,67_AL_.jpg	https://www.imdb.com/title/tt0076759/
Terminator 2: Tag der Abrechnung	1991	8.5	James Cameron 	https://m.media-amazon.com/images/M/MV5BMGU2NzRmZjUtOGUxYS00ZjdjLWEwZWItY2NlM2JhNjkxNTFmXkEyXkFqcGdeQXVyNjU0OTQ0OTY@._V1_UY67_CR0,0,45,67_AL_.jpg	https://www.imdb.com/title/tt0103064/
Zurück in die Zukunft	1985	8.5	Robert Zemeckis 	https://m.media-amazon.com/images/M/MV5BZmU0M2Y1OGUtZjIxNi00ZjBkLTg1MjgtOWIyNThiZWIwYjRiXkEyXkFqcGdeQXVyMTQxNzMzNDI@._V1_UX45_CR0,0,45,67_AL_.jpg	https://www.imdb.com/title/tt0088763/
Chihiros Reise ins Zauberland	2001	8.5	Hayao Miyazaki 	https://m.media-amazon.com/images/M/MV5BMjlmZmI5MDctNDE2YS00YWE0LWE5ZWItZDBhYWQ0NTcxNWRhXkEyXkFqcGdeQXVyMTMxODk2OTU@._V1_UY67_CR0,0,45,67_AL_.jpg	https://www.imdb.com/title/tt0245429/
Der Pianist	2002	8.5	Roman Polanski 	https://m.media-amazon.com/images/M/MV5BOWRiZDIxZjktMTA1NC00MDQ2LWEzMjUtMTliZmY3NjQ3ODJiXkEyXkFqcGdeQXVyNjU0OTQ0OTY@._V1_UY67_CR2,0,45,67_AL_.jpg	https://www.imdb.com/title/tt0253474/
Psycho	1960	8.5	Alfred Hitchcock 	https://m.media-amazon.com/images/M/MV5BNTQwNDM1YzItNDAxZC00NWY2LTk0M2UtNDIwNWI5OGUyNWUxXkEyXkFqcGdeQXVyNzkwMjQ5NzM@._V1_UY67_CR0,0,45,67_AL_.jpg	https://www.imdb.com/title/tt0054215/
Parasite	2019	8.5	Bong Joon Ho 	https://m.media-amazon.com/images/M/MV5BYWZjMjk3ZTItODQ2ZC00NTY5LWE0ZDYtZTI3MjcwN2Q5NTVkXkEyXkFqcGdeQXVyODk4OTc3MTY@._V1_UY67_CR0,0,45,67_AL_.jpg	https://www.imdb.com/title/tt6751668/
Léon: Der Profi	1994	8.5	Luc Besson 	https://m.media-amazon.com/images/M/MV5BOTgyMWQ0ZWUtN2Q2MS00NmY0LWI3OWMtNjFkMzZlNDZjNTk0XkEyXkFqcGdeQXVyMjUzOTY1NTc@._V1_UX45_CR0,0,45,67_AL_.jpg	https://www.imdb.com/title/tt0110413/
Der König der Löwen	1994	8.5	Roger Allers 	https://m.media-amazon.com/images/M/MV5BYTYxNGMyZTYtMjE3MS00MzNjLWFjNmYtMDk3N2FmM2JiM2M1XkEyXkFqcGdeQXVyNjY5NDU4NzI@._V1_UY67_CR0,0,45,67_AL_.jpg	https://www.imdb.com/title/tt0110357/
Gladiator	2000	8.5	Ridley Scott 	https://m.media-amazon.com/images/M/MV5BMDliMmNhNDEtODUyOS00MjNlLTgxODEtN2U3NzIxMGVkZTA1L2ltYWdlXkEyXkFqcGdeQXVyNjU0OTQ0OTY@._V1_UY67_CR0,0,45,67_AL_.jpg	https://www.imdb.com/title/tt0172495/
American History X	1998	8.5	Tony Kaye 	https://m.media-amazon.com/images/M/MV5BZTJhN2FkYWEtMGI0My00YWM4LWI2MjAtM2UwNjY4MTI2ZTQyXkEyXkFqcGdeQXVyNjc3MjQzNTI@._V1_UY67_CR0,0,45,67_AL_.jpg	https://www.imdb.com/title/tt0120586/
Departed: Unter Feinden	2006	8.5	Martin Scorsese 	https://m.media-amazon.com/images/M/MV5BMTI1MTY2OTIxNV5BMl5BanBnXkFtZTYwNjQ4NjY3._V1_UY67_CR0,0,45,67_AL_.jpg	https://www.imdb.com/title/tt0407887/
Whiplash	2014	8.5	Damien Chazelle 	https://m.media-amazon.com/images/M/MV5BOTA5NDZlZGUtMjAxOS00YTRkLTkwYmMtYWQ0NWEwZDZiNjEzXkEyXkFqcGdeQXVyMTMxODk2OTU@._V1_UY67_CR0,0,45,67_AL_.jpg	https://www.imdb.com/title/tt2582802/
Prestige - Die Meister der Magie	2006	8.5	Christopher Nolan 	https://m.media-amazon.com/images/M/MV5BMjA4NDI0MTIxNF5BMl5BanBnXkFtZTYwNTM0MzY2._V1_UY67_CR0,0,45,67_AL_.jpg	https://www.imdb.com/title/tt0482571/
Die üblichen Verdächtigen	1995	8.5	Bryan Singer 	https://m.media-amazon.com/images/M/MV5BYTViNjMyNmUtNDFkNC00ZDRlLThmMDUtZDU2YWE4NGI2ZjVmXkEyXkFqcGdeQXVyNjU0OTQ0OTY@._V1_UX45_CR0,0,45,67_AL_.jpg	https://www.imdb.com/title/tt0114814/
Casablanca	1942	8.5	Michael Curtiz 	https://m.media-amazon.com/images/M/MV5BY2IzZGY2YmEtYzljNS00NTM5LTgwMzUtMzM1NjQ4NGI0OTk0XkEyXkFqcGdeQXVyNDYyMDk5MTU@._V1_UX45_CR0,0,45,67_AL_.jpg	https://www.imdb.com/title/tt0034583/
Die letzten Glühwürmchen	1988	8.5	Isao Takahata 	https://m.media-amazon.com/images/M/MV5BZmY2NjUzNDQtNTgxNC00M2Q4LTljOWQtMjNjNDBjNWUxNmJlXkEyXkFqcGdeQXVyNTA4NzY1MzY@._V1_UX45_CR0,0,45,67_AL_.jpg	https://www.imdb.com/title/tt0095327/
Harakiri	1962	8.5	Masaki Kobayashi 	https://m.media-amazon.com/images/M/MV5BYjBmYTQ1NjItZWU5MS00YjI0LTg2OTYtYmFkN2JkMmNiNWVkXkEyXkFqcGdeQXVyMTMxMTY0OTQ@._V1_UY67_CR2,0,45,67_AL_.jpg	https://www.imdb.com/title/tt0056058/
Ziemlich beste Freunde	2011	8.5	Olivier Nakache 	https://m.media-amazon.com/images/M/MV5BMTYxNDA3MDQwNl5BMl5BanBnXkFtZTcwNTU4Mzc1Nw@@._V1_UY67_CR0,0,45,67_AL_.jpg	https://www.imdb.com/title/tt1675434/
Moderne Zeiten	1936	8.4	Charles Chaplin 	https://m.media-amazon.com/images/M/MV5BYjJiZjMzYzktNjU0NS00OTkxLWEwYzItYzdhYWJjN2QzMTRlL2ltYWdlL2ltYWdlXkEyXkFqcGdeQXVyNjU0OTQ0OTY@._V1_UX45_CR0,0,45,67_AL_.jpg	https://www.imdb.com/title/tt0027977/
Spiel mir das Lied vom Tod	1968	8.4	Sergio Leone 	https://m.media-amazon.com/images/M/MV5BODQ3NDExOGYtMzI3Mi00NWRlLTkwNjAtNjc4MDgzZGJiZTA1XkEyXkFqcGdeQXVyMjUzOTY1NTc@._V1_UX45_CR0,0,45,67_AL_.jpg	https://www.imdb.com/title/tt0064116/
Cinema Paradiso	1988	8.4	Giuseppe Tornatore 	https://m.media-amazon.com/images/M/MV5BM2FhYjEyYmYtMDI1Yy00YTdlLWI2NWQtYmEzNzAxOGY1NjY2XkEyXkFqcGdeQXVyNTA3NTIyNDg@._V1_UY67_CR0,0,45,67_AL_.jpg	https://www.imdb.com/title/tt0095765/
Das Fenster zum Hof	1954	8.4	Alfred Hitchcock 	https://m.media-amazon.com/images/M/MV5BNGUxYWM3M2MtMGM3Mi00ZmRiLWE0NGQtZjE5ODI2OTJhNTU0XkEyXkFqcGdeQXVyMTQxNzMzNDI@._V1_UY67_CR0,0,45,67_AL_.jpg	https://www.imdb.com/title/tt0047396/
Alien - Das unheimliche Wesen aus einer fremden Welt	1979	8.4	Ridley Scott 	https://m.media-amazon.com/images/M/MV5BOGQzZTBjMjQtOTVmMS00NGE5LWEyYmMtOGQ1ZGZjNmRkYjFhXkEyXkFqcGdeQXVyMjUzOTY1NTc@._V1_UX45_CR0,0,45,67_AL_.jpg	https://www.imdb.com/title/tt0078748/
Lichter der Großstadt - Eine Komödien-Romance als Pantomime	1931	8.4	Charles Chaplin 	https://m.media-amazon.com/images/M/MV5BY2I4MmM1N2EtM2YzOS00OWUzLTkzYzctNDc5NDg2N2IyODJmXkEyXkFqcGdeQXVyNzkwMjQ5NzM@._V1_UX45_CR0,0,45,67_AL_.jpg	https://www.imdb.com/title/tt0021749/
Apocalypse Now	1979	8.4	Francis Ford Coppola 	https://m.media-amazon.com/images/M/MV5BMDdhODg0MjYtYzBiOS00ZmI5LWEwZGYtZDEyNDU4MmQyNzFkXkEyXkFqcGdeQXVyNzkwMjQ5NzM@._V1_UX45_CR0,0,45,67_AL_.jpg	https://www.imdb.com/title/tt0078788/
Memento	2000	8.4	Christopher Nolan 	https://m.media-amazon.com/images/M/MV5BZTcyNjk1MjgtOWI3Mi00YzQwLWI5MTktMzY4ZmI2NDAyNzYzXkEyXkFqcGdeQXVyNjU0OTQ0OTY@._V1_UY67_CR0,0,45,67_AL_.jpg	https://www.imdb.com/title/tt0209144/
Django Unchained	2012	8.4	Quentin Tarantino 	https://m.media-amazon.com/images/M/MV5BMjIyNTQ5NjQ1OV5BMl5BanBnXkFtZTcwODg1MDU4OA@@._V1_UY67_CR0,0,45,67_AL_.jpg	https://www.imdb.com/title/tt1853728/
Jäger des verlorenen Schatzes	1981	8.4	Steven Spielberg 	https://m.media-amazon.com/images/M/MV5BNTU2ODkyY2MtMjU1NC00NjE1LWEzYjgtMWQ3MzRhMTE0NDc0XkEyXkFqcGdeQXVyMjM4MzQ4OTQ@._V1_UY67_CR0,0,45,67_AL_.jpg	https://www.imdb.com/title/tt0082971/
WALL·E - Der Letzte räumt die Erde auf	2008	8.4	Andrew Stanton 	https://m.media-amazon.com/images/M/MV5BMjExMTg5OTU0NF5BMl5BanBnXkFtZTcwMjMxMzMzMw@@._V1_UY67_CR0,0,45,67_AL_.jpg	https://www.imdb.com/title/tt0910970/
Das Leben der Anderen	2006	8.4	Florian Henckel von Donnersmarck 	https://m.media-amazon.com/images/M/MV5BNmQyNmJjM2ItNTQzYi00ZjMxLWFjMDYtZjUyN2YwZDk5YWQ2XkEyXkFqcGdeQXVyMjUzOTY1NTc@._V1_UX45_CR0,0,45,67_AL_.jpg	https://www.imdb.com/title/tt0405094/
Boulevard der Dämmerung	1950	8.4	Billy Wilder 	https://m.media-amazon.com/images/M/MV5BMTU0NTkyNzYwMF5BMl5BanBnXkFtZTgwMDU0NDk5MTI@._V1_UX45_CR0,0,45,67_AL_.jpg	https://www.imdb.com/title/tt0043014/
Wege zum Ruhm	1957	8.4	Stanley Kubrick 	https://m.media-amazon.com/images/M/MV5BOTI5Nzc0OTMtYzBkMS00NjkxLThmM2UtNjM2ODgxN2M5NjNkXkEyXkFqcGdeQXVyNjQ2MjQ5NzM@._V1_UX45_CR0,0,45,67_AL_.jpg	https://www.imdb.com/title/tt0050825/
Shining	1980	8.4	Stanley Kubrick 	https://m.media-amazon.com/images/M/MV5BZWFlYmY2MGEtZjVkYS00YzU4LTg0YjQtYzY1ZGE3NTA5NGQxXkEyXkFqcGdeQXVyMTQxNzMzNDI@._V1_UX45_CR0,0,45,67_AL_.jpg	https://www.imdb.com/title/tt0081505/
Der große Diktator	1940	8.4	Charles Chaplin 	https://m.media-amazon.com/images/M/MV5BMmExYWJjNTktNGUyZS00ODhmLTkxYzAtNWIzOGEyMGNiMmUwXkEyXkFqcGdeQXVyNjU0OTQ0OTY@._V1_UY67_CR0,0,45,67_AL_.jpg	https://www.imdb.com/title/tt0032553/
Avengers: Infinity War	2018	8.4	Anthony Russo 	https://m.media-amazon.com/images/M/MV5BMjMxNjY2MDU1OV5BMl5BanBnXkFtZTgwNzY1MTUwNTM@._V1_UY67_CR0,0,45,67_AL_.jpg	https://www.imdb.com/title/tt4154756/
Zeugin der Anklage	1957	8.4	Billy Wilder 	https://m.media-amazon.com/images/M/MV5BNDQwODU5OWYtNDcyNi00MDQ1LThiOGMtZDkwNWJiM2Y3MDg0XkEyXkFqcGdeQXVyMDI2NDg0NQ@@._V1_UX45_CR0,0,45,67_AL_.jpg	https://www.imdb.com/title/tt0051201/
Aliens	1986	8.3	James Cameron 	https://m.media-amazon.com/images/M/MV5BZTM1Nzk5ZTItN2ZkNi00MDRjLWIwYWUtOWY4ZjZmZjkyM2I0XkEyXkFqcGdeQXVyNTU1NTcwOTk@._V1_UX45_CR0,0,45,67_AL_.jpg	https://www.imdb.com/title/tt0090605/
Spider-Man: A New Universe	2018	8.3	Bob Persichetti 	https://m.media-amazon.com/images/M/MV5BMjMwNDkxMTgzOF5BMl5BanBnXkFtZTgwNTkwNTQ3NjM@._V1_UY67_CR0,0,45,67_AL_.jpg	https://www.imdb.com/title/tt4633694/
American Beauty	1999	8.3	Sam Mendes 	https://m.media-amazon.com/images/M/MV5BNTBmZWJkNjctNDhiNC00MGE2LWEwOTctZTk5OGVhMWMyNmVhXkEyXkFqcGdeQXVyMTMxODk2OTU@._V1_UY67_CR0,0,45,67_AL_.jpg	https://www.imdb.com/title/tt0169547/
Dr. Seltsam oder: Wie ich lernte, die Bombe zu lieben	1964	8.3	Stanley Kubrick 	https://m.media-amazon.com/images/M/MV5BZWI3ZTMxNjctMjdlNS00NmUwLWFiM2YtZDUyY2I3N2MxYTE0XkEyXkFqcGdeQXVyNzkwMjQ5NzM@._V1_UX45_CR0,0,45,67_AL_.jpg	https://www.imdb.com/title/tt0057012/
The Dark Knight Rises	2012	8.3	Christopher Nolan 	https://m.media-amazon.com/images/M/MV5BMTk4ODQzNDY3Ml5BMl5BanBnXkFtZTcwODA0NTM4Nw@@._V1_UY67_CR0,0,45,67_AL_.jpg	https://www.imdb.com/title/tt1345836/
Oldboy	2003	8.3	Park Chan-wook 	https://m.media-amazon.com/images/M/MV5BMTI3NTQyMzU5M15BMl5BanBnXkFtZTcwMTM2MjgyMQ@@._V1_UY67_CR0,0,45,67_AL_.jpg	https://www.imdb.com/title/tt0364569/
Inglourious Basterds	2009	8.3	Quentin Tarantino 	https://m.media-amazon.com/images/M/MV5BOTJiNDEzOWYtMTVjOC00ZjlmLWE0NGMtZmE1OWVmZDQ2OWJhXkEyXkFqcGdeQXVyNTIzOTk5ODM@._V1_UY67_CR0,0,45,67_AL_.jpg	https://www.imdb.com/title/tt0361748/
Amadeus	1984	8.3	Milos Forman 	https://m.media-amazon.com/images/M/MV5BNWJlNzUzNGMtYTAwMS00ZjI2LWFmNWQtODcxNWUxODA5YmU1XkEyXkFqcGdeQXVyNTIzOTk5ODM@._V1_UX45_CR0,0,45,67_AL_.jpg	https://www.imdb.com/title/tt0086879/
Coco: Lebendiger als das Leben	2017	8.3	Lee Unkrich 	https://m.media-amazon.com/images/M/MV5BYjQ5NjM0Y2YtNjZkNC00ZDhkLWJjMWItN2QyNzFkMDE3ZjAxXkEyXkFqcGdeQXVyODIxMzk5NjA@._V1_UY67_CR1,0,45,67_AL_.jpg	https://www.imdb.com/title/tt2380307/
Toy Story	1995	8.3	John Lasseter 	https://m.media-amazon.com/images/M/MV5BMDU2ZWJlMjktMTRhMy00ZTA5LWEzNDgtYmNmZTEwZTViZWJkXkEyXkFqcGdeQXVyNDQ2OTk4MzI@._V1_UX45_CR0,0,45,67_AL_.jpg	https://www.imdb.com/title/tt0114709/
Braveheart	1995	8.3	Mel Gibson 	https://m.media-amazon.com/images/M/MV5BMzkzMmU0YTYtOWM3My00YzBmLWI0YzctOGYyNTkwMWE5MTJkXkEyXkFqcGdeQXVyNzkwMjQ5NzM@._V1_UY67_CR0,0,45,67_AL_.jpg	https://www.imdb.com/title/tt0112573/
Joker	2019	8.3	Todd Phillips 	https://m.media-amazon.com/images/M/MV5BNGVjNWI4ZGUtNzE0MS00YTJmLWE0ZDctN2ZiYTk2YmI3NTYyXkEyXkFqcGdeQXVyMTkxNjUyNQ@@._V1_UY67_CR0,0,45,67_AL_.jpg	https://www.imdb.com/title/tt7286456/
Das Boot	1981	8.3	Wolfgang Petersen 	https://m.media-amazon.com/images/M/MV5BNDBjMWUxNTUtNjZiNi00YzJhLTgzNzUtMTRiY2FkZmMzYTNjXkEyXkFqcGdeQXVyMTUzMDUzNTI3._V1_UX45_CR0,0,45,67_AL_.jpg	https://www.imdb.com/title/tt0082096/
Avengers: Endgame	2019	8.3	Anthony Russo 	https://m.media-amazon.com/images/M/MV5BMTc5MDE2ODcwNV5BMl5BanBnXkFtZTgwMzI2NzQ2NzM@._V1_UY67_CR0,0,45,67_AL_.jpg	https://www.imdb.com/title/tt4154796/
Prinzessin Mononoke	1997	8.3	Hayao Miyazaki 	https://m.media-amazon.com/images/M/MV5BNTZkYmI0MmEtNGFlZC00OWZjLWFjMmItMjk1OWZkOWJiZGVjXkEyXkFqcGdeQXVyMTMxODk2OTU@._V1_UX45_CR0,0,45,67_AL_.jpg	https://www.imdb.com/title/tt0119698/
Es war einmal in Amerika	1984	8.3	Sergio Leone 	https://m.media-amazon.com/images/M/MV5BMGFkNWI4MTMtNGQ0OC00MWVmLTk3MTktOGYxN2Y2YWVkZWE2XkEyXkFqcGdeQXVyNjU0OTQ0OTY@._V1_UX45_CR0,0,45,67_AL_.jpg	https://www.imdb.com/title/tt0087843/
Good Will Hunting: Der gute Will Hunting	1997	8.3	Gus Van Sant 	https://m.media-amazon.com/images/M/MV5BOTI0MzcxMTYtZDVkMy00NjY1LTgyMTYtZmUxN2M3NmQ2NWJhXkEyXkFqcGdeQXVyMTQxNzMzNDI@._V1_UX45_CR0,0,45,67_AL_.jpg	https://www.imdb.com/title/tt0119217/
Your Name.	2016	8.3	Makoto Shinkai 	https://m.media-amazon.com/images/M/MV5BODRmZDVmNzUtZDA4ZC00NjhkLWI2M2UtN2M0ZDIzNDcxYThjL2ltYWdlXkEyXkFqcGdeQXVyNTk0MzMzODA@._V1_UY67_CR0,0,45,67_AL_.jpg	https://www.imdb.com/title/tt5311514/
Du sollst mein Glücksstern sein	1952	8.3	Stanley Donen 	https://m.media-amazon.com/images/M/MV5BZDRjNGViMjQtOThlMi00MTA3LThkYzQtNzJkYjBkMGE0YzE1XkEyXkFqcGdeQXVyNDYyMDk5MTU@._V1_UY67_CR0,0,45,67_AL_.jpg	https://www.imdb.com/title/tt0045152/
3 Idiots	2009	8.3	Rajkumar Hirani 	https://m.media-amazon.com/images/M/MV5BNTkyOGVjMGEtNmQzZi00NzFlLTlhOWQtODYyMDc2ZGJmYzFhXkEyXkFqcGdeQXVyNjU0OTQ0OTY@._V1_UY67_CR1,0,45,67_AL_.jpg	https://www.imdb.com/title/tt1187043/
Requiem for a Dream	2000	8.3	Darren Aronofsky 	https://m.media-amazon.com/images/M/MV5BOTdiNzJlOWUtNWMwNS00NmFlLWI0YTEtZmI3YjIzZWUyY2Y3XkEyXkFqcGdeQXVyNjU0OTQ0OTY@._V1_UX45_CR0,0,45,67_AL_.jpg	https://www.imdb.com/title/tt0180093/
Zwischen Himmel und Hölle	1963	8.3	Akira Kurosawa 	https://m.media-amazon.com/images/M/MV5BOTI4NTNhZDMtMWNkZi00MTRmLWJmZDQtMmJkMGVmZTEzODlhXkEyXkFqcGdeQXVyNjc1NTYyMjg@._V1_UX45_CR0,0,45,67_AL_.jpg	https://www.imdb.com/title/tt0057565/
Toy Story 3	2010	8.3	Lee Unkrich 	https://m.media-amazon.com/images/M/MV5BMTgxOTY4Mjc0MF5BMl5BanBnXkFtZTcwNTA4MDQyMw@@._V1_UY67_CR1,0,45,67_AL_.jpg	https://www.imdb.com/title/tt0435761/
Capernaum: Stadt der Hoffnung	2018	8.3	Nadine Labaki 	https://m.media-amazon.com/images/M/MV5BY2Y3OWNkMTctYzNjYS00NWVkLTg4OWEtY2YxN2I3NDhlYzE0XkEyXkFqcGdeQXVyMTI3ODAyMzE2._V1_UY67_CR1,0,45,67_AL_.jpg	https://www.imdb.com/title/tt8267604/
Die Rückkehr der Jedi-Ritter	1983	8.3	Richard Marquand 	https://m.media-amazon.com/images/M/MV5BOWZlMjFiYzgtMTUzNC00Y2IzLTk1NTMtZmNhMTczNTk0ODk1XkEyXkFqcGdeQXVyNTAyODkwOQ@@._V1_UX45_CR0,0,45,67_AL_.jpg	https://www.imdb.com/title/tt0086190/
2001: Odyssee im Weltraum	1968	8.3	Stanley Kubrick 	https://m.media-amazon.com/images/M/MV5BMmNlYzRiNDctZWNhMi00MzI4LThkZTctMTUzMmZkMmFmNThmXkEyXkFqcGdeQXVyNzkwMjQ5NzM@._V1_UY67_CR0,0,45,67_AL_.jpg	https://www.imdb.com/title/tt0062622/
Vergiss mein nicht	2004	8.3	Michel Gondry 	https://m.media-amazon.com/images/M/MV5BMTY4NzcwODg3Nl5BMl5BanBnXkFtZTcwNTEwOTMyMw@@._V1_UY67_CR0,0,45,67_AL_.jpg	https://www.imdb.com/title/tt0338013/
Komm und sieh'	1985	8.3	Elem Klimov 	https://m.media-amazon.com/images/M/MV5BODM4Njg0NTAtYjI5Ny00ZjAxLTkwNmItZTMxMWU5M2U3M2RjXkEyXkFqcGdeQXVyNzkwMjQ5NzM@._V1_UX45_CR0,0,45,67_AL_.jpg	https://www.imdb.com/title/tt0091251/
Reservoir Dogs: Wilde Hunde	1992	8.3	Quentin Tarantino 	https://m.media-amazon.com/images/M/MV5BZmExNmEwYWItYmQzOS00YjA5LTk2MjktZjEyZDE1Y2QxNjA1XkEyXkFqcGdeQXVyMTQxNzMzNDI@._V1_UX45_CR0,0,45,67_AL_.jpg	https://www.imdb.com/title/tt0105236/
Die Jagd	2012	8.3	Thomas Vinterberg 	https://m.media-amazon.com/images/M/MV5BMTg2NDg3ODg4NF5BMl5BanBnXkFtZTcwNzk3NTc3Nw@@._V1_UY67_CR1,0,45,67_AL_.jpg	https://www.imdb.com/title/tt2106476/
Citizen Kane	1941	8.2	Orson Welles 	https://m.media-amazon.com/images/M/MV5BYjBiOTYxZWItMzdiZi00NjlkLWIzZTYtYmFhZjhiMTljOTdkXkEyXkFqcGdeQXVyNzkwMjQ5NzM@._V1_UX45_CR0,0,45,67_AL_.jpg	https://www.imdb.com/title/tt0033467/
Lawrence von Arabien	1962	8.2	David Lean 	https://m.media-amazon.com/images/M/MV5BYWY5ZjhjNGYtZmI2Ny00ODM0LWFkNzgtZmI1YzA2N2MxMzA0XkEyXkFqcGdeQXVyNjUwNzk3NDc@._V1_UY67_CR0,0,45,67_AL_.jpg	https://www.imdb.com/title/tt0056172/
M: Eine Stadt sucht einen Mörder	1931	8.2	Fritz Lang 	https://m.media-amazon.com/images/M/MV5BODA4ODk3OTEzMF5BMl5BanBnXkFtZTgwMTQ2ODMwMzE@._V1_UX45_CR0,0,45,67_AL_.jpg	https://www.imdb.com/title/tt0022100/
Ikiru - Einmal wirklich leben	1952	8.2	Akira Kurosawa 	https://m.media-amazon.com/images/M/MV5BZmM0NGY3Y2MtMTA1YS00YmQzLTk2YTctYWFhMDkzMDRjZWQzXkEyXkFqcGdeQXVyNTA4NzY1MzY@._V1_UX45_CR0,0,45,67_AL_.jpg	https://www.imdb.com/title/tt0044741/
Der unsichtbare Dritte	1959	8.2	Alfred Hitchcock 	https://m.media-amazon.com/images/M/MV5BZDA3NDExMTUtMDlhOC00MmQ5LWExZGUtYmI1NGVlZWI4OWNiXkEyXkFqcGdeQXVyNjc1NTYyMjg@._V1_UX45_CR0,0,45,67_AL_.jpg	https://www.imdb.com/title/tt0053125/
Aus dem Reich der Toten	1958	8.2	Alfred Hitchcock 	https://m.media-amazon.com/images/M/MV5BYTE4ODEwZDUtNDFjOC00NjAxLWEzYTQtYTI1NGVmZmFlNjdiL2ltYWdlL2ltYWdlXkEyXkFqcGdeQXVyNjc1NTYyMjg@._V1_UX45_CR0,0,45,67_AL_.jpg	https://www.imdb.com/title/tt0052357/
Das Appartement	1960	8.2	Billy Wilder 	https://m.media-amazon.com/images/M/MV5BNzkwODFjNzItMmMwNi00MTU5LWE2MzktM2M4ZDczZGM1MmViXkEyXkFqcGdeQXVyNDY2MTk1ODk@._V1_UX45_CR0,0,45,67_AL_.jpg	https://www.imdb.com/title/tt0053604/
Die fabelhafte Welt der Amelie	2001	8.2	Jean-Pierre Jeunet 	https://m.media-amazon.com/images/M/MV5BNDg4NjM1YjMtYmNhZC00MjM0LWFiZmYtNGY1YjA3MzZmODc5XkEyXkFqcGdeQXVyNDk3NzU2MTQ@._V1_UX45_CR0,0,45,67_AL_.jpg	https://www.imdb.com/title/tt0211915/
Frau ohne Gewissen	1944	8.2	Billy Wilder 	https://m.media-amazon.com/images/M/MV5BOTdlNjgyZGUtOTczYi00MDdhLTljZmMtYTEwZmRiOWFkYjRhXkEyXkFqcGdeQXVyNDY2MTk1ODk@._V1_UX45_CR0,0,45,67_AL_.jpg	https://www.imdb.com/title/tt0036775/
Uhrwerk Orange	1971	8.2	Stanley Kubrick 	https://m.media-amazon.com/images/M/MV5BMTY3MjM1Mzc4N15BMl5BanBnXkFtZTgwODM0NzAxMDE@._V1_UY67_CR0,0,45,67_AL_.jpg	https://www.imdb.com/title/tt0066921/
Full Metal Jacket	1987	8.2	Stanley Kubrick 	https://m.media-amazon.com/images/M/MV5BNzkxODk0NjEtYjc4Mi00ZDI0LTgyYjEtYzc1NDkxY2YzYTgyXkEyXkFqcGdeQXVyNzkwMjQ5NzM@._V1_UX45_CR0,0,45,67_AL_.jpg	https://www.imdb.com/title/tt0093058/
Scarface	1983	8.2	Brian De Palma 	https://m.media-amazon.com/images/M/MV5BNjdjNGQ4NDEtNTEwYS00MTgxLTliYzQtYzE2ZDRiZjFhZmNlXkEyXkFqcGdeQXVyNjU0OTQ0OTY@._V1_UX45_CR0,0,45,67_AL_.jpg	https://www.imdb.com/title/tt0086250/
Hamilton	2020	8.2	Thomas Kail 	https://m.media-amazon.com/images/M/MV5BNjViNWRjYWEtZTI0NC00N2E3LTk0NGQtMjY4NTM3OGNkZjY0XkEyXkFqcGdeQXVyMjUxMTY3ODM@._V1_UY67_CR0,0,45,67_AL_.jpg	https://www.imdb.com/title/tt8503618/
Die Frau die singt - Incendies	2010	8.2	Denis Villeneuve 	https://m.media-amazon.com/images/M/MV5BMWE3MGYzZjktY2Q5Mi00Y2NiLWIyYWUtMmIyNzA3YmZlMGFhXkEyXkFqcGdeQXVyMTMxODk2OTU@._V1_UX45_CR0,0,45,67_AL_.jpg	https://www.imdb.com/title/tt1255953/
Heat	1995	8.2	Michael Mann 	https://m.media-amazon.com/images/M/MV5BYjZjNTJlZGUtZTE1Ny00ZDc4LTgwYjUtMzk0NDgwYzZjYTk1XkEyXkFqcGdeQXVyNjU0OTQ0OTY@._V1_UY67_CR1,0,45,67_AL_.jpg	https://www.imdb.com/title/tt0113277/
Wer die Nachtigall stört	1962	8.2	Robert Mulligan 	https://m.media-amazon.com/images/M/MV5BNmVmYzcwNzMtMWM1NS00MWIyLThlMDEtYzUwZDgzODE1NmE2XkEyXkFqcGdeQXVyNzkwMjQ5NzM@._V1_UX45_CR0,0,45,67_AL_.jpg	https://www.imdb.com/title/tt0056592/
Oben	2009	8.2	Pete Docter 	https://m.media-amazon.com/images/M/MV5BYjBkM2RjMzItM2M3Ni00N2NjLWE3NzMtMGY4MzE4MDAzMTRiXkEyXkFqcGdeQXVyNDUzOTQ5MjY@._V1_UY67_CR0,0,45,67_AL_.jpg	https://www.imdb.com/title/tt1049413/
Der Clou	1973	8.2	George Roy Hill 	https://m.media-amazon.com/images/M/MV5BNGU3NjQ4YTMtZGJjOS00YTQ3LThmNmItMTI5MDE2ODI3NzY3XkEyXkFqcGdeQXVyMjUzOTY1NTc@._V1_UX45_CR0,0,45,67_AL_.jpg	https://www.imdb.com/title/tt0070735/
Nader und Simin - eine Trennung	2011	8.2	Asghar Farhadi 	https://m.media-amazon.com/images/M/MV5BN2JmMjViMjMtZTM5Mi00ZGZkLTk5YzctZDg5MjFjZDE4NjNkXkEyXkFqcGdeQXVyMTMxODk2OTU@._V1_UY67_CR0,0,45,67_AL_.jpg	https://www.imdb.com/title/tt1832382/
Metropolis	1927	8.2	Fritz Lang 	https://m.media-amazon.com/images/M/MV5BMTg5YWIyMWUtZDY5My00Zjc1LTljOTctYmI0MWRmY2M2NmRkXkEyXkFqcGdeQXVyMTMxODk2OTU@._V1_UY67_CR0,0,45,67_AL_.jpg	https://www.imdb.com/title/tt0017136/
L.A. Confidential	1997	8.2	Curtis Hanson 	https://m.media-amazon.com/images/M/MV5BMDQ2YzEyZGItYWRhOS00MjBmLTkzMDUtMTdjYzkyMmQxZTJlXkEyXkFqcGdeQXVyNjU0OTQ0OTY@._V1_UY67_CR0,0,45,67_AL_.jpg	https://www.imdb.com/title/tt0119488/
Taxi Driver	1976	8.2	Martin Scorsese 	https://m.media-amazon.com/images/M/MV5BM2M1MmVhNDgtNmI0YS00ZDNmLTkyNjctNTJiYTQ2N2NmYzc2XkEyXkFqcGdeQXVyNzkwMjQ5NzM@._V1_UX45_CR0,0,45,67_AL_.jpg	https://www.imdb.com/title/tt0075314/
Stirb langsam	1988	8.2	John McTiernan 	https://m.media-amazon.com/images/M/MV5BZjRlNDUxZjAtOGQ4OC00OTNlLTgxNmQtYTBmMDgwZmNmNjkxXkEyXkFqcGdeQXVyNzkwMjQ5NzM@._V1_UX45_CR0,0,45,67_AL_.jpg	https://www.imdb.com/title/tt0095016/
Indiana Jones und der letzte Kreuzzug	1989	8.2	Steven Spielberg 	https://m.media-amazon.com/images/M/MV5BY2Q0ODg4ZmItNDZiYi00ZWY5LTg2NzctNmYwZjA5OThmNzE1XkEyXkFqcGdeQXVyMjM4MzQ4OTQ@._V1_UY67_CR0,0,45,67_AL_.jpg	https://www.imdb.com/title/tt0097576/
Snatch: Schweine und Diamanten	2000	8.2	Guy Ritchie 	https://m.media-amazon.com/images/M/MV5BMTA2NDYxOGYtYjU1Mi00Y2QzLTgxMTQtMWI1MGI0ZGQ5MmU4XkEyXkFqcGdeQXVyNDk3NzU2MTQ@._V1_UY67_CR0,0,45,67_AL_.jpg	https://www.imdb.com/title/tt0208092/
Fahrraddiebe	1948	8.2	Vittorio De Sica 	https://m.media-amazon.com/images/M/MV5BNmI1ODdjODctMDlmMC00ZWViLWI5MzYtYzRhNDdjYmM3MzFjXkEyXkFqcGdeQXVyMTMxODk2OTU@._V1_UY67_CR0,0,45,67_AL_.jpg	https://www.imdb.com/title/tt0040522/
Taare Zameen Par: Ein Stern auf Erden	2007	8.2	Aamir Khan 	https://m.media-amazon.com/images/M/MV5BMDhjZWViN2MtNzgxOS00NmI4LThiZDQtZDI3MzM4MDE4NTc0XkEyXkFqcGdeQXVyMTMxODk2OTU@._V1_UY67_CR1,0,45,67_AL_.jpg	https://www.imdb.com/title/tt0986264/
1917	2019	8.2	Sam Mendes 	https://m.media-amazon.com/images/M/MV5BOTdmNTFjNDEtNzg0My00ZjkxLTg1ZDAtZTdkMDc2ZmFiNWQ1XkEyXkFqcGdeQXVyNTAzNzgwNTg@._V1_UX45_CR0,0,45,67_AL_.jpg	https://www.imdb.com/title/tt8579674/
Top Gun: Maverick	2022	8.2	Joseph Kosinski 	https://m.media-amazon.com/images/M/MV5BZWYzOGEwNTgtNWU3NS00ZTQ0LWJkODUtMmVhMjIwMjA1ZmQwXkEyXkFqcGdeQXVyMjkwOTAyMDU@._V1_UY67_CR0,0,45,67_AL_.jpg	https://www.imdb.com/title/tt1745960/
Der Untergang	2004	8.2	Oliver Hirschbiegel 	https://m.media-amazon.com/images/M/MV5BMTU0NTU5NTAyMl5BMl5BanBnXkFtZTYwNzYwMDg2._V1_UY67_CR0,0,45,67_AL_.jpg	https://www.imdb.com/title/tt0363163/
Dangal: Die Hoffnung auf den großen Sieg	2016	8.2	Nitesh Tiwari 	https://m.media-amazon.com/images/M/MV5BMTQ4MzQzMzM2Nl5BMl5BanBnXkFtZTgwMTQ1NzU3MDI@._V1_UY67_CR1,0,45,67_AL_.jpg	https://www.imdb.com/title/tt5074352/
Für ein paar Dollar mehr	1965	8.2	Sergio Leone 	https://m.media-amazon.com/images/M/MV5BMzJlZTNkYjQtMTE1OS00YTJlLTgxNjItYzg4NTllODdkMzBiXkEyXkFqcGdeQXVyMjUzOTY1NTc@._V1_UX45_CR0,0,45,67_AL_.jpg	https://www.imdb.com/title/tt0059578/
Batman Begins	2005	8.2	Christopher Nolan 	https://m.media-amazon.com/images/M/MV5BOTY4YjI2N2MtYmFlMC00ZjcyLTg3YjEtMDQyM2ZjYzQ5YWFkXkEyXkFqcGdeQXVyMTQxNzMzNDI@._V1_UY67_CR0,0,45,67_AL_.jpg	https://www.imdb.com/title/tt0372784/
Der Vagabund und das Kind	1921	8.2	Charles Chaplin 	https://m.media-amazon.com/images/M/MV5BZjhhMThhNDItNTY2MC00MmU1LTliNDEtNDdhZjdlNTY5ZDQ1XkEyXkFqcGdeQXVyNjc1NTYyMjg@._V1_UX45_CR0,0,45,67_AL_.jpg	https://www.imdb.com/title/tt0012349/
Manche mögen's heiß	1959	8.2	Billy Wilder 	https://m.media-amazon.com/images/M/MV5BNzAyOGIxYjAtMGY2NC00ZTgyLWIwMWEtYzY0OWQ4NDFjOTc5XkEyXkFqcGdeQXVyNjU0OTQ0OTY@._V1_UX45_CR0,0,45,67_AL_.jpg	https://www.imdb.com/title/tt0053291/
The Father	2020	8.2	Florian Zeller 	https://m.media-amazon.com/images/M/MV5BZGJhNWRiOWQtMjI4OS00ZjcxLTgwMTAtMzQ2ODkxY2JkOTVlXkEyXkFqcGdeQXVyMTkxNjUyNQ@@._V1_UY67_CR0,0,45,67_AL_.jpg	https://www.imdb.com/title/tt10272386/
Alles über Eva	1950	8.2	Joseph L. Mankiewicz 	https://m.media-amazon.com/images/M/MV5BMTY2MTAzODI5NV5BMl5BanBnXkFtZTgwMjM4NzQ0MjE@._V1_UX45_CR0,0,45,67_AL_.jpg	https://www.imdb.com/title/tt0042192/
The Wolf of Wall Street	2013	8.2	Martin Scorsese 	https://m.media-amazon.com/images/M/MV5BMjIxMjgxNTk0MF5BMl5BanBnXkFtZTgwNjIyOTg2MDE@._V1_UY67_CR0,0,45,67_AL_.jpg	https://www.imdb.com/title/tt0993846/
Green Book	2018	8.2	Peter Farrelly 	https://m.media-amazon.com/images/M/MV5BYzIzYmJlYTYtNGNiYy00N2EwLTk4ZjItMGYyZTJiOTVkM2RlXkEyXkFqcGdeQXVyODY1NDk1NjE@._V1_UX45_CR0,0,45,67_AL_.jpg	https://www.imdb.com/title/tt6966692/
Das Urteil von Nürnberg	1961	8.2	Stanley Kramer 	https://m.media-amazon.com/images/M/MV5BNDc2ODQ5NTE2MV5BMl5BanBnXkFtZTcwODExMjUyNA@@._V1_UX45_CR0,0,45,67_AL_.jpg	https://www.imdb.com/title/tt0055031/
Ran	1985	8.2	Akira Kurosawa 	https://m.media-amazon.com/images/M/MV5BMmU1NGYwZWYtOWExNi00ZTEyLTgwMmUtM2ZlMDVjNWM4YjVlXkEyXkFqcGdeQXVyMjUzOTY1NTc@._V1_UX45_CR0,0,45,67_AL_.jpg	https://www.imdb.com/title/tt0089881/
Casino	1995	8.2	Martin Scorsese 	https://m.media-amazon.com/images/M/MV5BMTcxOWYzNDYtYmM4YS00N2NkLTk0NTAtNjg1ODgwZjAxYzI3XkEyXkFqcGdeQXVyNTA4NzY1MzY@._V1_UX45_CR0,0,45,67_AL_.jpg	https://www.imdb.com/title/tt0112641/
Die Truman Show	1998	8.2	Peter Weir 	https://m.media-amazon.com/images/M/MV5BMDIzODcyY2EtMmY2MC00ZWVlLTgwMzAtMjQwOWUyNmJjNTYyXkEyXkFqcGdeQXVyNDk3NzU2MTQ@._V1_UY67_CR0,0,45,67_AL_.jpg	https://www.imdb.com/title/tt0120382/
There Will Be Blood	2007	8.2	Paul Thomas Anderson 	https://m.media-amazon.com/images/M/MV5BMjAxODQ4MDU5NV5BMl5BanBnXkFtZTcwMDU4MjU1MQ@@._V1_UY67_CR0,0,45,67_AL_.jpg	https://www.imdb.com/title/tt0469494/
Pans Labyrinth	2006	8.2	Guillermo del Toro 	https://m.media-amazon.com/images/M/MV5BYzFjMThiMGItOWRlMC00MDI4LThmOGUtYTNlZGZiYWI1YjMyXkEyXkFqcGdeQXVyMjUzOTY1NTc@._V1_UX45_CR0,0,45,67_AL_.jpg	https://www.imdb.com/title/tt0457430/
Erbarmungslos	1992	8.2	Clint Eastwood 	https://m.media-amazon.com/images/M/MV5BODM3YWY4NmQtN2Y3Ni00OTg0LWFhZGQtZWE3ZWY4MTJlOWU4XkEyXkFqcGdeQXVyNjU0OTQ0OTY@._V1_UX45_CR0,0,45,67_AL_.jpg	https://www.imdb.com/title/tt0105695/
The Sixth Sense - Nicht jede Gabe ist ein Segen	1999	8.2	M. Night Shyamalan 	https://m.media-amazon.com/images/M/MV5BMWM4NTFhYjctNzUyNi00NGMwLTk3NTYtMDIyNTZmMzRlYmQyXkEyXkFqcGdeQXVyMTAwMzUyOTc@._V1_UY67_CR0,0,45,67_AL_.jpg	https://www.imdb.com/title/tt0167404/
Shutter Island	2010	8.2	Martin Scorsese 	https://m.media-amazon.com/images/M/MV5BYzhiNDkyNzktNTZmYS00ZTBkLTk2MDAtM2U0YjU1MzgxZjgzXkEyXkFqcGdeQXVyMTMxODk2OTU@._V1_UY67_CR0,0,45,67_AL_.jpg	https://www.imdb.com/title/tt1130884/
A Beautiful Mind: Genie und Wahnsinn	2001	8.2	Ron Howard 	https://m.media-amazon.com/images/M/MV5BMzcwYWFkYzktZjAzNC00OGY1LWI4YTgtNzc5MzVjMDVmNjY0XkEyXkFqcGdeQXVyMTQxNzMzNDI@._V1_UY67_CR0,0,45,67_AL_.jpg	https://www.imdb.com/title/tt0268978/
Jurassic Park	1993	8.2	Steven Spielberg 	https://m.media-amazon.com/images/M/MV5BMjM2MDgxMDg0Nl5BMl5BanBnXkFtZTgwNTM2OTM5NDE@._V1_UX45_CR0,0,45,67_AL_.jpg	https://www.imdb.com/title/tt0107290/
Yojimbo - Der Leibwächter	1961	8.1	Akira Kurosawa 	https://m.media-amazon.com/images/M/MV5BZThiZjAzZjgtNDU3MC00YThhLThjYWUtZGRkYjc2ZWZlOTVjXkEyXkFqcGdeQXVyNTA4NzY1MzY@._V1_UX45_CR0,0,45,67_AL_.jpg	https://www.imdb.com/title/tt0055630/
Der Schatz der Sierra Madre	1948	8.1	John Huston 	https://m.media-amazon.com/images/M/MV5BOTJlZWMxYzEtMjlkMS00ODE0LThlM2ItMDI3NGQ2YjhmMzkxXkEyXkFqcGdeQXVyMDI2NDg0NQ@@._V1_UX45_CR0,0,45,67_AL_.jpg	https://www.imdb.com/title/tt0040897/
Die Ritter der Kokosnuß	1975	8.1	Terry Gilliam 	https://m.media-amazon.com/images/M/MV5BN2IyNTE4YzUtZWU0Mi00MGIwLTgyMmQtMzQ4YzQxYWNlYWE2XkEyXkFqcGdeQXVyNjU0OTQ0OTY@._V1_UX45_CR0,0,45,67_AL_.jpg	https://www.imdb.com/title/tt0071853/
No Country for Old Men	2007	8.1	Ethan Coen 	https://m.media-amazon.com/images/M/MV5BMjA5Njk3MjM4OV5BMl5BanBnXkFtZTcwMTc5MTE1MQ@@._V1_UY67_CR0,0,45,67_AL_.jpg	https://www.imdb.com/title/tt0477348/
Gesprengte Ketten	1963	8.1	John Sturges 	https://m.media-amazon.com/images/M/MV5BNzA2NmYxMWUtNzBlMC00MWM2LTkwNmQtYTFlZjQwODNhOWE0XkEyXkFqcGdeQXVyNTIzOTk5ODM@._V1_UX45_CR0,0,45,67_AL_.jpg	https://www.imdb.com/title/tt0057115/
Kill Bill - Vol. 1	2003	8.1	Quentin Tarantino 	https://m.media-amazon.com/images/M/MV5BNzM3NDFhYTAtYmU5Mi00NGRmLTljYjgtMDkyODQ4MjNkMGY2XkEyXkFqcGdeQXVyNzkwMjQ5NzM@._V1_UX45_CR0,0,45,67_AL_.jpg	https://www.imdb.com/title/tt0266697/
Rashomon - Das Lustwäldchen	1950	8.1	Akira Kurosawa 	https://m.media-amazon.com/images/M/MV5BMjEzMzA4NDE2OF5BMl5BanBnXkFtZTcwNTc5MDI2NQ@@._V1_UY67_CR0,0,45,67_AL_.jpg	https://www.imdb.com/title/tt0042876/
Das Ding aus einer anderen Welt	1982	8.1	John Carpenter 	https://m.media-amazon.com/images/M/MV5BNGViZWZmM2EtNGYzZi00ZDAyLTk3ODMtNzIyZTBjN2Y1NmM1XkEyXkFqcGdeQXVyNTAyODkwOQ@@._V1_UX45_CR0,0,45,67_AL_.jpg	https://www.imdb.com/title/tt0084787/
Spider-Man: No Way Home	2021	8.1	Jon Watts 	https://m.media-amazon.com/images/M/MV5BZWMyYzFjYTYtNTRjYi00OGExLWE2YzgtOGRmYjAxZTU3NzBiXkEyXkFqcGdeQXVyMzQ0MzA0NTM@._V1_UY67_CR0,0,45,67_AL_.jpg	https://www.imdb.com/title/tt10872600/
Findet Nemo	2003	8.1	Andrew Stanton 	https://m.media-amazon.com/images/M/MV5BZjMxYzBiNjUtZDliNC00MDAyLTg3N2QtOWNjNmNhZGQzNDg5XkEyXkFqcGdeQXVyNjE2MjQwNjc@._V1_UY67_CR0,0,45,67_AL_.jpg	https://www.imdb.com/title/tt0266543/
Der Elefantenmensch	1980	8.1	David Lynch 	https://m.media-amazon.com/images/M/MV5BMDVjNjIwOGItNDE3Ny00OThjLWE0NzQtZTU3YjMzZTZjMzhkXkEyXkFqcGdeQXVyMTQxNzMzNDI@._V1_UX45_CR0,0,45,67_AL_.jpg	https://www.imdb.com/title/tt0080678/
Chinatown	1974	8.1	Roman Polanski 	https://m.media-amazon.com/images/M/MV5BMjJkMDZhYzItZTFhMi00ZGI4LThlNTAtZDNlYmEwNjFkNDYzXkEyXkFqcGdeQXVyMjUzOTY1NTc@._V1_UX45_CR0,0,45,67_AL_.jpg	https://www.imdb.com/title/tt0071315/
Wie ein wilder Stier	1980	8.1	Martin Scorsese 	https://m.media-amazon.com/images/M/MV5BYjRmODkzNDItMTNhNi00YjJlLTg0ZjAtODlhZTM0YzgzYThlXkEyXkFqcGdeQXVyNzQ1ODk3MTQ@._V1_UY67_CR0,0,45,67_AL_.jpg	https://www.imdb.com/title/tt0081398/
V wie Vendetta	2005	8.1	James McTeigue 	https://m.media-amazon.com/images/M/MV5BOTI5ODc3NzExNV5BMl5BanBnXkFtZTcwNzYxNzQzMw@@._V1_UY67_CR0,0,45,67_AL_.jpg	https://www.imdb.com/title/tt0434409/
Vom Winde verweht	1939	8.1	Victor Fleming 	https://m.media-amazon.com/images/M/MV5BYjUyZWZkM2UtMzYxYy00ZmQ3LWFmZTQtOGE2YjBkNjA3YWZlXkEyXkFqcGdeQXVyNzkwMjQ5NzM@._V1_UX45_CR0,0,45,67_AL_.jpg	https://www.imdb.com/title/tt0031381/
Bube Dame König grAS	1998	8.1	Guy Ritchie 	https://m.media-amazon.com/images/M/MV5BMTAyN2JmZmEtNjAyMy00NzYwLThmY2MtYWQ3OGNhNjExMmM4XkEyXkFqcGdeQXVyNDk3NzU2MTQ@._V1_UX45_CR0,0,45,67_AL_.jpg	https://www.imdb.com/title/tt0120735/
Bei Anruf Mord	1954	8.1	Alfred Hitchcock 	https://m.media-amazon.com/images/M/MV5BOWIwODIxYWItZDI4MS00YzhhLWE3MmYtMzlhZDIwOTMzZmE5L2ltYWdlXkEyXkFqcGdeQXVyNjc1NTYyMjg@._V1_UX45_CR0,0,45,67_AL_.jpg	https://www.imdb.com/title/tt0046912/
Alles steht Kopf	2015	8.1	Pete Docter 	https://m.media-amazon.com/images/M/MV5BOTgxMDQwMDk0OF5BMl5BanBnXkFtZTgwNjU5OTg2NDE@._V1_UY67_CR0,0,45,67_AL_.jpg	https://www.imdb.com/title/tt2096673/
In ihren Augen	2009	8.1	Juan José Campanella 	https://m.media-amazon.com/images/M/MV5BY2FhZGI5M2QtZWFiZS00NjkwLWE4NWQtMzg3ZDZjNjdkYTJiXkEyXkFqcGdeQXVyMTMxODk2OTU@._V1_UY67_CR0,0,45,67_AL_.jpg	https://www.imdb.com/title/tt1305806/
Das wandelnde Schloss	2004	8.1	Hayao Miyazaki 	https://m.media-amazon.com/images/M/MV5BNmM4YTFmMmItMGE3Yy00MmRkLTlmZGEtMzZlOTQzYjk3MzA2XkEyXkFqcGdeQXVyMTMxODk2OTU@._V1_UX45_CR0,0,45,67_AL_.jpg	https://www.imdb.com/title/tt0347149/
Three Billboards Outside Ebbing, Missouri	2017	8.1	Martin McDonagh 	https://m.media-amazon.com/images/M/MV5BMjI0ODcxNzM1N15BMl5BanBnXkFtZTgwMzIwMTEwNDI@._V1_UY67_CR0,0,45,67_AL_.jpg	https://www.imdb.com/title/tt5027774/
Trainspotting - Neue Helden	1996	8.1	Danny Boyle 	https://m.media-amazon.com/images/M/MV5BMzA5Zjc3ZTMtMmU5YS00YTMwLWI4MWUtYTU0YTVmNjVmODZhXkEyXkFqcGdeQXVyNjU0OTQ0OTY@._V1_UY67_CR0,0,45,67_AL_.jpg	https://www.imdb.com/title/tt0117951/
Die Brücke am Kwai	1957	8.1	David Lean 	https://m.media-amazon.com/images/M/MV5BOGY5NmNlMmQtYzRlYy00NGQ5LWFkYjYtNzExZmQyMTg0ZDA0XkEyXkFqcGdeQXVyNDIzMzcwNjc@._V1_UX45_CR0,0,45,67_AL_.jpg	https://www.imdb.com/title/tt0050212/
Prisoners	2013	8.1	Denis Villeneuve 	https://m.media-amazon.com/images/M/MV5BMTg0NTIzMjQ1NV5BMl5BanBnXkFtZTcwNDc3MzM5OQ@@._V1_UY67_CR0,0,45,67_AL_.jpg	https://www.imdb.com/title/tt1392214/
Fargo: Blutiger Schnee	1996	8.1	Joel Coen 	https://m.media-amazon.com/images/M/MV5BNDJiZDgyZjctYmRjMS00ZjdkLTkwMTEtNGU1NDg3NDQ0Yzk1XkEyXkFqcGdeQXVyNzkwMjQ5NzM@._V1_UY67_CR0,0,45,67_AL_.jpg	https://www.imdb.com/title/tt0116282/
Warrior	2011	8.1	Gavin O'Connor 	https://m.media-amazon.com/images/M/MV5BMTk4ODk5MTMyNV5BMl5BanBnXkFtZTcwMDMyNTg0Ng@@._V1_UX45_CR0,0,45,67_AL_.jpg	https://www.imdb.com/title/tt1291584/
Gran Torino	2008	8.1	Clint Eastwood 	https://m.media-amazon.com/images/M/MV5BMTc5NTk2OTU1Nl5BMl5BanBnXkFtZTcwMDc3NjAwMg@@._V1_UY67_CR0,0,45,67_AL_.jpg	https://www.imdb.com/title/tt1205489/
John Wick: Kapitel 4	2023	8.1	Chad Stahelski 	https://m.media-amazon.com/images/M/MV5BMDExZGMyOTMtMDgyYi00NGIwLWJhMTEtOTdkZGFjNmZiMTEwXkEyXkFqcGdeQXVyMjM4NTM5NDY@._V1_UY67_CR0,0,45,67_AL_.jpg	https://www.imdb.com/title/tt10366206/
Catch Me If You Can	2002	8.1	Steven Spielberg 	https://m.media-amazon.com/images/M/MV5BMTY5MzYzNjc5NV5BMl5BanBnXkFtZTYwNTUyNTc2._V1_UY67_CR0,0,45,67_AL_.jpg	https://www.imdb.com/title/tt0264464/
Mein Nachbar Totoro	1988	8.1	Hayao Miyazaki 	https://m.media-amazon.com/images/M/MV5BYzJjMTYyMjQtZDI0My00ZjE2LTkyNGYtOTllNGQxNDMyZjE0XkEyXkFqcGdeQXVyMTMxODk2OTU@._V1_UY67_CR1,0,45,67_AL_.jpg	https://www.imdb.com/title/tt0096283/
Million Dollar Baby	2004	8.1	Clint Eastwood 	https://m.media-amazon.com/images/M/MV5BMTkxNzA1NDQxOV5BMl5BanBnXkFtZTcwNTkyMTIzMw@@._V1_UY67_CR0,0,45,67_AL_.jpg	https://www.imdb.com/title/tt0405159/
Kinder des Himmels	1997	8.1	Majid Majidi 	https://m.media-amazon.com/images/M/MV5BZTYwZWQ4ZTQtZWU0MS00N2YwLWEzMDItZWFkZWY0MWVjODVhXkEyXkFqcGdeQXVyNjU0OTQ0OTY@._V1_UX45_CR0,0,45,67_AL_.jpg	https://www.imdb.com/title/tt0118849/
Der Blade Runner	1982	8.1	Ridley Scott 	https://m.media-amazon.com/images/M/MV5BNzQzMzJhZTEtOWM4NS00MTdhLTg0YjgtMjM4MDRkZjUwZDBlXkEyXkFqcGdeQXVyNjU0OTQ0OTY@._V1_UY67_CR0,0,45,67_AL_.jpg	https://www.imdb.com/title/tt0083658/
Goldrausch	1925	8.1	Charles Chaplin 	https://m.media-amazon.com/images/M/MV5BODI0NTFkMTItOTYyNC00MzQ4LTgzZWMtMzdhMDAyOWU5YjA5XkEyXkFqcGdeQXVyNzQ1ODk3MTQ@._V1_UY67_CR1,0,45,67_AL_.jpg	https://www.imdb.com/title/tt0015864/
Klaus	2019	8.1	Sergio Pablos 	https://m.media-amazon.com/images/M/MV5BMWYwOThjM2ItZGYxNy00NTQwLWFlZWEtM2MzM2Q5MmY3NDU5XkEyXkFqcGdeQXVyMTkxNjUyNQ@@._V1_UY67_CR0,0,45,67_AL_.jpg	https://www.imdb.com/title/tt4729430/
Harry Potter und die Heiligtümer des Todes - Teil 2	2011	8.1	David Yates 	https://m.media-amazon.com/images/M/MV5BMGVmMWNiMDktYjQ0Mi00MWIxLTk0N2UtN2ZlYTdkN2IzNDNlXkEyXkFqcGdeQXVyODE5NzE3OTE@._V1_UX45_CR0,0,45,67_AL_.jpg	https://www.imdb.com/title/tt1201607/
Before Sunrise - Zwischenstopp in Wien	1995	8.1	Richard Linklater 	https://m.media-amazon.com/images/M/MV5BZDdiZTAwYzAtMDI3Ni00OTRjLTkzN2UtMGE3MDMyZmU4NTU4XkEyXkFqcGdeQXVyNjU0OTQ0OTY@._V1_UY67_CR0,0,45,67_AL_.jpg	https://www.imdb.com/title/tt0112471/
12 Years a Slave	2013	8.1	Steve McQueen 	https://m.media-amazon.com/images/M/MV5BMjExMTEzODkyN15BMl5BanBnXkFtZTcwNTU4NTc4OQ@@._V1_UY67_CR0,0,45,67_AL_.jpg	https://www.imdb.com/title/tt2024544/
Ben Hur	1959	8.1	William Wyler 	https://m.media-amazon.com/images/M/MV5BNjgxY2JiZDYtZmMwOC00ZmJjLWJmODUtMTNmNWNmYWI5ODkwL2ltYWdlL2ltYWdlXkEyXkFqcGdeQXVyNjc1NTYyMjg@._V1_UX45_CR0,0,45,67_AL_.jpg	https://www.imdb.com/title/tt0052618/
Die Faust im Nacken	1954	8.1	Elia Kazan 	https://m.media-amazon.com/images/M/MV5BY2I0MWFiZDMtNWQyYy00Njk5LTk3MDktZjZjNTNmZmVkYjkxXkEyXkFqcGdeQXVyNjc1NTYyMjg@._V1_UX45_CR0,0,45,67_AL_.jpg	https://www.imdb.com/title/tt0047296/
Grand Budapest Hotel	2014	8.1	Wes Anderson 	https://m.media-amazon.com/images/M/MV5BMzM5NjUxOTEyMl5BMl5BanBnXkFtZTgwNjEyMDM0MDE@._V1_UY67_CR0,0,45,67_AL_.jpg	https://www.imdb.com/title/tt2278388/
Gone Girl - Das perfekte Opfer	2014	8.1	David Fincher 	https://m.media-amazon.com/images/M/MV5BMTk0MDQ3MzAzOV5BMl5BanBnXkFtZTgwNzU1NzE3MjE@._V1_UY67_CR0,0,45,67_AL_.jpg	https://www.imdb.com/title/tt2267998/
Wilde Erdbeeren	1957	8.1	Ingmar Bergman 	https://m.media-amazon.com/images/M/MV5BYWQxYzdhMDMtNjAyZC00NzE0LWFjYmQtYjk0YzMyYjA5NzZkXkEyXkFqcGdeQXVyMjUzOTY1NTc@._V1_UX45_CR0,0,45,67_AL_.jpg	https://www.imdb.com/title/tt0050986/
Der General	1926	8.1	Clyde Bruckman 	https://m.media-amazon.com/images/M/MV5BYmRiMDFlYjYtOTMwYy00OGY2LWE0Y2QtYzQxOGNhZmUwNTIxXkEyXkFqcGdeQXVyNzkwMjQ5NzM@._V1_UY67_CR0,0,45,67_AL_.jpg	https://www.imdb.com/title/tt0017925/
Barry Lyndon	1975	8.1	Stanley Kubrick 	https://m.media-amazon.com/images/M/MV5BNmY0MWY2NDctZDdmMi00MjA1LTk0ZTQtZDMyZTQ1NTNlYzVjXkEyXkFqcGdeQXVyMjUzOTY1NTc@._V1_UX45_CR0,0,45,67_AL_.jpg	https://www.imdb.com/title/tt0072684/
Im Namen des Vaters	1993	8.1	Jim Sheridan 	https://m.media-amazon.com/images/M/MV5BMmYyOTgwYWItYmU3Ny00M2E2LTk0NWMtMDVlNmQ0MWZiMTMxXkEyXkFqcGdeQXVyNzkwMjQ5NzM@._V1_UX45_CR0,0,45,67_AL_.jpg	https://www.imdb.com/title/tt0107207/
Die durch die Hölle gehen	1978	8.1	Michael Cimino 	https://m.media-amazon.com/images/M/MV5BNDhmNTA0ZDMtYjhkNS00NzEzLWIzYTItOGNkMTVmYjE2YmI3XkEyXkFqcGdeQXVyNzkwMjQ5NzM@._V1_UY67_CR0,0,45,67_AL_.jpg	https://www.imdb.com/title/tt0077416/
Der dritte Mann	1949	8.1	Carol Reed 	https://m.media-amazon.com/images/M/MV5BYjE2OTdhMWUtOGJlMy00ZDViLWIzZjgtYjZkZGZmMDZjYmEyXkEyXkFqcGdeQXVyNzkwMjQ5NzM@._V1_UX45_CR0,0,45,67_AL_.jpg	https://www.imdb.com/title/tt0041959/
Hacksaw Ridge - Die Entscheidung	2016	8.1	Mel Gibson 	https://m.media-amazon.com/images/M/MV5BMjQ1NjM3MTUxNV5BMl5BanBnXkFtZTgwMDc5MTY5OTE@._V1_UX45_CR0,0,45,67_AL_.jpg	https://www.imdb.com/title/tt2119532/
Lohn der Angst	1953	8.1	Henri-Georges Clouzot 	https://m.media-amazon.com/images/M/MV5BZDdkNzMwZmUtY2Q5MS00ZmM2LWJhYjItYTBjMWY0MGM4MDRjXkEyXkFqcGdeQXVyNTA4NzY1MzY@._V1_UY67_CR0,0,45,67_AL_.jpg	https://www.imdb.com/title/tt0046268/
Memories of Murder	2003	8.1	Bong Joon Ho 	https://m.media-amazon.com/images/M/MV5BOGViNTg4YTktYTQ2Ni00MTU0LTk2NWUtMTI4OTc1YTM0NzQ2XkEyXkFqcGdeQXVyMDM2NDM2MQ@@._V1_UY67_CR0,0,45,67_AL_.jpg	https://www.imdb.com/title/tt0353969/
Wild Tales: Jeder dreht mal durch!	2014	8.1	Damián Szifron 	https://m.media-amazon.com/images/M/MV5BNGQzY2Y0MTgtMDA4OC00NjM3LWI0ZGQtNTJlM2UxZDQxZjI0XkEyXkFqcGdeQXVyNDUzOTQ5MjY@._V1_UY67_CR1,0,45,67_AL_.jpg	https://www.imdb.com/title/tt3011894/
Sherlock Holmes Jr.	1924	8.1	Buster Keaton 	https://m.media-amazon.com/images/M/MV5BZWFhOGU5NDctY2Q3YS00Y2VlLWI1NzEtZmIwY2ZiZjY4OTA2XkEyXkFqcGdeQXVyMDI2NDg0NQ@@._V1_UX45_CR0,0,45,67_AL_.jpg	https://www.imdb.com/title/tt0015324/
Mr. Smith geht nach Washington	1939	8.1	Frank Capra 	https://m.media-amazon.com/images/M/MV5BZTYwYjYxYzgtMDE1Ni00NzU4LWJlMTEtODQ5YmJmMGJhZjI5L2ltYWdlXkEyXkFqcGdeQXVyMDI2NDg0NQ@@._V1_UX45_CR0,0,45,67_AL_.jpg	https://www.imdb.com/title/tt0031679/
Mad Max: Fury Road	2015	8.1	George Miller 	https://m.media-amazon.com/images/M/MV5BN2EwM2I5OWMtMGQyMi00Zjg1LWJkNTctZTdjYTA4OGUwZjMyXkEyXkFqcGdeQXVyMTMxODk2OTU@._V1_UY67_CR0,0,45,67_AL_.jpg	https://www.imdb.com/title/tt1392190/
Mary & Max, oder - Schrumpfen Schafe, wenn es regnet	2009	8.1	Adam Elliot 	https://m.media-amazon.com/images/M/MV5BMDgzYjQwMDMtNGUzYi00MTRmLWIyMGMtNjE1OGZkNzY2YWIzL2ltYWdlXkEyXkFqcGdeQXVyNjU0OTQ0OTY@._V1_UY67_CR1,0,45,67_AL_.jpg	https://www.imdb.com/title/tt0978762/
Das siebente Siegel	1957	8.1	Ingmar Bergman 	https://m.media-amazon.com/images/M/MV5BOWM3MmE0OGYtOGVlNC00OWE1LTk5ZTAtYmUwMDIwM2ZlNWJiXkEyXkFqcGdeQXVyMjUzOTY1NTc@._V1_UY67_CR0,0,45,67_AL_.jpg	https://www.imdb.com/title/tt0050976/
Drachenzähmen leicht gemacht	2010	8.1	Dean DeBlois 	https://m.media-amazon.com/images/M/MV5BMjA5NDQyMjc2NF5BMl5BanBnXkFtZTcwMjg5ODcyMw@@._V1_UY67_CR0,0,45,67_AL_.jpg	https://www.imdb.com/title/tt0892769/
Die Monster AG	2001	8.1	Pete Docter 	https://m.media-amazon.com/images/M/MV5BMTY1NTI0ODUyOF5BMl5BanBnXkFtZTgwNTEyNjQ0MDE@._V1_UY67_CR0,0,45,67_AL_.jpg	https://www.imdb.com/title/tt0198781/
Der Club der toten Dichter	1989	8.1	Peter Weir 	https://m.media-amazon.com/images/M/MV5BOGYwYWNjMzgtNGU4ZC00NWQ2LWEwZjUtMzE1Zjc3NjY3YTU1XkEyXkFqcGdeQXVyMTQxNzMzNDI@._V1_UY67_CR0,0,45,67_AL_.jpg	https://www.imdb.com/title/tt0097165/
Der weiße Hai	1975	8.1	Steven Spielberg 	https://m.media-amazon.com/images/M/MV5BMmVmODY1MzEtYTMwZC00MzNhLWFkNDMtZjAwM2EwODUxZTA5XkEyXkFqcGdeQXVyNTAyODkwOQ@@._V1_UX45_CR0,0,45,67_AL_.jpg	https://www.imdb.com/title/tt0073195/
Raum	2015	8.1	Lenny Abrahamson 	https://m.media-amazon.com/images/M/MV5BMjE4NzgzNzEwMl5BMl5BanBnXkFtZTgwMTMzMDE0NjE@._V1_UY67_CR0,0,45,67_AL_.jpg	https://www.imdb.com/title/tt3170832/
The Big Lebowski	1998	8.1	Joel Coen 	https://m.media-amazon.com/images/M/MV5BMTQ0NjUzMDMyOF5BMl5BanBnXkFtZTgwODA1OTU0MDE@._V1_UX45_CR0,0,45,67_AL_.jpg	https://www.imdb.com/title/tt0118715/
Die Reise nach Tokio	1953	8.1	Yasujirô Ozu 	https://m.media-amazon.com/images/M/MV5BYWQ4ZTRiODktNjAzZC00Nzg1LTk1YWQtNDFmNDI0NmZiNGIwXkEyXkFqcGdeQXVyNzkwMjQ5NzM@._V1_UY67_CR0,0,45,67_AL_.jpg	https://www.imdb.com/title/tt0046438/
Die Passion der Jeanne d'Arc	1928	8.1	Carl Theodor Dreyer 	https://m.media-amazon.com/images/M/MV5BNjBjNDJiYTUtOWY0OS00OGVmLTg2YzctMTE0NzVhODM1ZWJmXkEyXkFqcGdeQXVyNjU0OTQ0OTY@._V1_UX45_CR0,0,45,67_AL_.jpg	https://www.imdb.com/title/tt0019254/
Le Mans 66 - Gegen jede Chance	2019	8.1	James Mangold 	https://m.media-amazon.com/images/M/MV5BM2UwMDVmMDItM2I2Yi00NGZmLTk4ZTUtY2JjNTQ3OGQ5ZjM2XkEyXkFqcGdeQXVyMTA1OTYzOTUx._V1_UY67_CR0,0,45,67_AL_.jpg	https://www.imdb.com/title/tt1950186/
Hotel Ruanda	2004	8.0	Terry George 	https://m.media-amazon.com/images/M/MV5BZGJjYmIzZmQtNWE4Yy00ZGVmLWJkZGEtMzUzNmQ4ZWFlMjRhXkEyXkFqcGdeQXVyMTMxODk2OTU@._V1_UY67_CR0,0,45,67_AL_.jpg	https://www.imdb.com/title/tt0395169/
Rocky	1976	8.0	John G. Avildsen 	https://m.media-amazon.com/images/M/MV5BNTBkMjg2MjYtYTZjOS00ODQ0LTg0MDEtM2FiNmJmOGU1NGEwXkEyXkFqcGdeQXVyMjUzOTY1NTc@._V1_UX45_CR0,0,45,67_AL_.jpg	https://www.imdb.com/title/tt0075148/
Platoon	1986	8.0	Oliver Stone 	https://m.media-amazon.com/images/M/MV5BMzRjZjdlMjQtODVkYS00N2YzLWJlYWYtMGVlN2E5MWEwMWQzXkEyXkFqcGdeQXVyMTQxNzMzNDI@._V1_UX45_CR0,0,45,67_AL_.jpg	https://www.imdb.com/title/tt0091763/
Ratatouille	2007	8.0	Brad Bird 	https://m.media-amazon.com/images/M/MV5BMTMzODU0NTkxMF5BMl5BanBnXkFtZTcwMjQ4MzMzMw@@._V1_UY67_CR0,0,45,67_AL_.jpg	https://www.imdb.com/title/tt0382932/
Spotlight	2015	8.0	Tom McCarthy 	https://m.media-amazon.com/images/M/MV5BMjIyOTM5OTIzNV5BMl5BanBnXkFtZTgwMDkzODE2NjE@._V1_UY67_CR0,0,45,67_AL_.jpg	https://www.imdb.com/title/tt1895587/
Logan: The Wolverine	2017	8.0	James Mangold 	https://m.media-amazon.com/images/M/MV5BYzc5MTU4N2EtYTkyMi00NjdhLTg3NWEtMTY4OTEyMzJhZTAzXkEyXkFqcGdeQXVyNjc1NTYyMjg@._V1_UX45_CR0,0,45,67_AL_.jpg	https://www.imdb.com/title/tt3315342/
Terminator	1984	8.0	James Cameron 	https://m.media-amazon.com/images/M/MV5BYTViNzMxZjEtZGEwNy00MDNiLWIzNGQtZDY2MjQ1OWViZjFmXkEyXkFqcGdeQXVyNzkwMjQ5NzM@._V1_UX45_CR0,0,45,67_AL_.jpg	https://www.imdb.com/title/tt0088247/
Stand by Me: Das Geheimnis eines Sommers	1986	8.0	Rob Reiner 	https://m.media-amazon.com/images/M/MV5BODJmY2Y2OGQtMDg2My00N2Q3LWJmZTUtYTc2ODBjZDVlNDlhXkEyXkFqcGdeQXVyMTQxNzMzNDI@._V1_UX45_CR0,0,45,67_AL_.jpg	https://www.imdb.com/title/tt0092005/
Rush: Alles für den Sieg	2013	8.0	Ron Howard 	https://m.media-amazon.com/images/M/MV5BOWEwODJmZDItYTNmZC00OGM4LThlNDktOTQzZjIzMGQxODA4XkEyXkFqcGdeQXVyNjU0OTQ0OTY@._V1_UY67_CR0,0,45,67_AL_.jpg	https://www.imdb.com/title/tt1979320/
Network	1976	8.0	Sidney Lumet 	https://m.media-amazon.com/images/M/MV5BNzY0NjU5ODUtOTAzMC00NTU5LWJkZjctYWMyOWY2MTZmOWM1XkEyXkFqcGdeQXVyMTI3ODAyMzE2._V1_UX45_CR0,0,45,67_AL_.jpg	https://www.imdb.com/title/tt0074958/
Before Sunset	2004	8.0	Richard Linklater 	https://m.media-amazon.com/images/M/MV5BMTQ1MjAwNTM5Ml5BMl5BanBnXkFtZTYwNDM0MTc3._V1_UY67_CR0,0,45,67_AL_.jpg	https://www.imdb.com/title/tt0381681/
Into the Wild	2007	8.0	Sean Penn 	https://m.media-amazon.com/images/M/MV5BNjQ0ODlhMWUtNmUwMS00YjExLWI4MjQtNjVmMmE2Y2E0MGRmXkEyXkFqcGdeQXVyNDk3NzU2MTQ@._V1_UY67_CR0,0,45,67_AL_.jpg	https://www.imdb.com/title/tt0758758/
Der Zauberer von Oz	1939	8.0	Victor Fleming 	https://m.media-amazon.com/images/M/MV5BNjUyMTc4MDExMV5BMl5BanBnXkFtZTgwNDg0NDIwMjE@._V1_UX45_CR0,0,45,67_AL_.jpg	https://www.imdb.com/title/tt0032138/
Die besten Jahre unseres Lebens	1946	8.0	William Wyler 	https://m.media-amazon.com/images/M/MV5BY2RmNTRjYzctODI4Ni00MzQyLWEyNTAtNjU0N2JkMTNhNjJkXkEyXkFqcGdeQXVyNjU0OTQ0OTY@._V1_UX45_CR0,0,45,67_AL_.jpg	https://www.imdb.com/title/tt0036868/
Der Exorzist	1973	8.0	William Friedkin 	https://m.media-amazon.com/images/M/MV5BYWFlZGY2NDktY2ZjOS00ZWNkLTg0ZDAtZDY4MTM1ODU4ZjljXkEyXkFqcGdeQXVyMjUzOTY1NTc@._V1_UX45_CR0,0,45,67_AL_.jpg	https://www.imdb.com/title/tt0070047/
Und täglich grüßt das Murmeltier	1993	8.0	Harold Ramis 	https://m.media-amazon.com/images/M/MV5BZWIxNzM5YzQtY2FmMS00Yjc3LWI1ZjUtNGVjMjMzZTIxZTIxXkEyXkFqcGdeQXVyNjU0OTQ0OTY@._V1_UY67_CR0,0,45,67_AL_.jpg	https://www.imdb.com/title/tt0107048/
Die Unglaublichen	2004	8.0	Brad Bird 	https://m.media-amazon.com/images/M/MV5BMTY5OTU0OTc2NV5BMl5BanBnXkFtZTcwMzU4MDcyMQ@@._V1_UY67_CR0,0,45,67_AL_.jpg	https://www.imdb.com/title/tt0317705/
Sein oder Nichtsein	1942	8.0	Ernst Lubitsch 	https://m.media-amazon.com/images/M/MV5BMGY3ZDgzY2MtNTllNi00ZWI1LTk1NTUtNWEzN2Q4YTA1ZGZiXkEyXkFqcGdeQXVyNzI1NzMxNzM@._V1_UY67_CR0,0,45,67_AL_.jpg	https://www.imdb.com/title/tt0035446/
Hass	1995	8.0	Mathieu Kassovitz 	https://m.media-amazon.com/images/M/MV5BOTQxOGU0OWUtMzExYy00ZjIxLWJmMzAtNTI1Y2YxYTMxN2RkXkEyXkFqcGdeQXVyMjUzOTY1NTc@._V1_UY67_CR0,0,45,67_AL_.jpg	https://www.imdb.com/title/tt0113247/
Fluch der Karibik	2003	8.0	Gore Verbinski 	https://m.media-amazon.com/images/M/MV5BNGYyZGM5MGMtYTY2Ni00M2Y1LWIzNjQtYWUzM2VlNGVhMDNhXkEyXkFqcGdeQXVyMTMxODk2OTU@._V1_UX45_CR0,0,45,67_AL_.jpg	https://www.imdb.com/title/tt0325980/
Apus Weg ins Leben - 1.: Auf der Straße	1955	8.0	Satyajit Ray 	https://m.media-amazon.com/images/M/MV5BMmFkNDY5OTktNzY3Yy00OTFlLThhNjktOTRhMmZjZmIxYjAxXkEyXkFqcGdeQXVyNTgyNTA4MjM@._V1_UX45_CR0,0,45,67_AL_.jpg	https://www.imdb.com/title/tt0048473/
Schlacht um Algier	1966	8.0	Gillo Pontecorvo 	https://m.media-amazon.com/images/M/MV5BN2M4YTA4ZTEtN2EyNy00YTlmLWE4YzYtYjYyYjRkMWM4ZDM0XkEyXkFqcGdeQXVyMjUzOTY1NTc@._V1_UX45_CR0,0,45,67_AL_.jpg	https://www.imdb.com/title/tt0058946/
Hachiko - Eine wunderbare Freundschaft	2009	8.0	Lasse Hallström 	https://m.media-amazon.com/images/M/MV5BNzE4NDg5OWMtMzg3NC00ZDRjLTllMDMtZTRjNWZmNjBmMGZlXkEyXkFqcGdeQXVyMTMxODk2OTU@._V1_UY67_CR1,0,45,67_AL_.jpg	https://www.imdb.com/title/tt1028532/
Früchte des Zorns	1940	8.0	John Ford 	https://m.media-amazon.com/images/M/MV5BNzJiOGI2MjctYjUyMS00ZjkzLWE2ZmUtOTg4NTZkOTNhZDc1L2ltYWdlXkEyXkFqcGdeQXVyNjc1NTYyMjg@._V1_UY67_CR0,0,45,67_AL_.jpg	https://www.imdb.com/title/tt0032551/
Jai Bhim	2021	8.0	T.J. Gnanavel 	https://m.media-amazon.com/images/M/MV5BNzFkM2FhMzQtYjUwZi00N2Y3LWFkZWItMmZmMjQxNGQwZmNhXkEyXkFqcGdeQXVyODEyNjEwMDk@._V1_UY67_CR4,0,45,67_AL_.jpg	https://www.imdb.com/title/tt15097216/
Mein Vater und mein Sohn	2005	8.0	Çagan Irmak 	https://m.media-amazon.com/images/M/MV5BMDEwMWQ3ZDctMjRkOC00MGE1LTk4NjktYjA3MGIyNjA5N2FiXkEyXkFqcGdeQXVyNjEyNDcyMDU@._V1_UY67_CR1,0,45,67_AL_.jpg	https://www.imdb.com/title/tt0476735/
Amores perros	2000	8.0	Alejandro G. Iñárritu 	https://m.media-amazon.com/images/M/MV5BZjUxNmEwOGItMTBmYi00MWQ1LWExY2MtNDUxMjI0OWM4M2NiXkEyXkFqcGdeQXVyMjUzOTY1NTc@._V1_UX45_CR0,0,45,67_AL_.jpg	https://www.imdb.com/title/tt0245712/
Rebecca	1940	8.0	Alfred Hitchcock 	https://m.media-amazon.com/images/M/MV5BYTcxYWExOTMtMWFmYy00ZjgzLWI0YjktNWEzYzJkZTg0NDdmL2ltYWdlXkEyXkFqcGdeQXVyNjc1NTYyMjg@._V1_UY67_CR1,0,45,67_AL_.jpg	https://www.imdb.com/title/tt0032976/
Die Taschendiebin	2016	8.0	Park Chan-wook 	https://m.media-amazon.com/images/M/MV5BNDJhYTk2MTctZmVmOS00OTViLTgxNjQtMzQxOTRiMDdmNGRjXkEyXkFqcGdeQXVyMTMxODk2OTU@._V1_UY67_CR1,0,45,67_AL_.jpg	https://www.imdb.com/title/tt4016934/
Der Unbeugsame	1967	8.0	Stuart Rosenberg 	https://m.media-amazon.com/images/M/MV5BNjcwNTQ3Y2EtMjdmZi00ODBhLWFhNzQtOTc3MWU5NTZlMDViXkEyXkFqcGdeQXVyMjUzOTY1NTc@._V1_UX45_CR0,0,45,67_AL_.jpg	https://www.imdb.com/title/tt0061512/
Meine Lieder, meine Träume	1965	8.0	Robert Wise 	https://m.media-amazon.com/images/M/MV5BODIxNjhkYjEtYzUyMi00YTNjLWE1YjktNjAyY2I2MWNkNmNmL2ltYWdlL2ltYWdlXkEyXkFqcGdeQXVyMTQxNzMzNDI@._V1_UY67_CR1,0,45,67_AL_.jpg	https://www.imdb.com/title/tt0059742/
Sie küßten und sie schlugen ihn	1959	8.0	François Truffaut 	https://m.media-amazon.com/images/M/MV5BYTQ4MjA4NmYtYjRhNi00MTEwLTg0NjgtNjk3ODJlZGU4NjRkL2ltYWdlL2ltYWdlXkEyXkFqcGdeQXVyNjU0OTQ0OTY@._V1_UY67_CR2,0,45,67_AL_.jpg	https://www.imdb.com/title/tt0053198/
Es geschah in einer Nacht	1934	8.0	Frank Capra 	https://m.media-amazon.com/images/M/MV5BYzJmMWE5NjAtNWMyZS00NmFiLWIwMDgtZDE2NzczYWFhNzIzXkEyXkFqcGdeQXVyNjc1NTYyMjg@._V1_UX45_CR0,0,45,67_AL_.jpg	https://www.imdb.com/title/tt0025316/
Persona	1966	8.0	Ingmar Bergman 	https://m.media-amazon.com/images/M/MV5BYmFlOTcxMWUtZTMzMi00NWIyLTkwOTEtNjIxNmViNzc2Yzc1XkEyXkFqcGdeQXVyMjUzOTY1NTc@._V1_UX45_CR0,0,45,67_AL_.jpg	https://www.imdb.com/title/tt0060827/
Das Leben des Brian	1979	8.0	Terry Jones 	https://m.media-amazon.com/images/M/MV5BMDA1ZWI4ZDItOTRlYi00OTUxLWFlNWQtMzM5NDI0YjA4ZGI2XkEyXkFqcGdeQXVyMjUzOTY1NTc@._V1_UX45_CR0,0,45,67_AL_.jpg	https://www.imdb.com/title/tt0079470/
Der Gigant aus dem All	1999	8.0	Brad Bird 	https://m.media-amazon.com/images/M/MV5BYzBjZTNkMzQtZmNkOC00Yzk0LTljMjktZjk3YWVlZjY3NTk2XkEyXkFqcGdeQXVyMTUzMDUzNTI3._V1_UY67_CR0,0,45,67_AL_.jpg	https://www.imdb.com/title/tt0129167/
The Help	2011	8.0	Tate Taylor 	https://m.media-amazon.com/images/M/MV5BMTM5OTMyMjIxOV5BMl5BanBnXkFtZTcwNzU4MjIwNQ@@._V1_UY67_CR0,0,45,67_AL_.jpg	https://www.imdb.com/title/tt1454029/
Aladdin	1992	8.0	Ron Clements 	https://m.media-amazon.com/images/M/MV5BZTg5ZTVmM2EtZjdhZC00MzBjLWEwZTYtNWIwZDczYzZkMzA4XkEyXkFqcGdeQXVyMTQxNzMzNDI@._V1_UX45_CR0,0,45,67_AL_.jpg	https://www.imdb.com/title/tt0103639/
Uzala, der Kirgise	1975	8.0	Akira Kurosawa 	https://m.media-amazon.com/images/M/MV5BM2MwZWNkZTktOWIxNS00ZWQ0LTg3ZDEtYTRlZDFmMWVjMjVmXkEyXkFqcGdeQXVyNjc5NjEzNA@@._V1_UX45_CR0,0,45,67_AL_.jpg	https://www.imdb.com/title/tt0071411/
Der mit dem Wolf tanzt	1990	8.0	Kevin Costner 	https://m.media-amazon.com/images/M/MV5BMTY3OTI5NDczN15BMl5BanBnXkFtZTcwNDA0NDY3Mw@@._V1_UX45_CR0,0,45,67_AL_.jpg	https://www.imdb.com/title/tt0099348/
